<?xml version="1.0" encoding="UTF-8"?>
<project-private xmlns="http://www.netbeans.org/ns/project-private/1">
    <editor-bookmarks xmlns="http://www.netbeans.org/ns/editor-bookmarks/2" lastBookmarkId="0"/>
    <open-files xmlns="http://www.netbeans.org/ns/projectui-open-files/2">
        <group>
            <file>file:/C:/Users/jonaa/OneDrive/Documents/NetBeansProjects/GestorBD/src/view/MainView.java</file>
            <file>file:/C:/Users/jonaa/OneDrive/Documents/NetBeansProjects/GestorBD/src/model/DatabaseConnection.java</file>
            <file>file:/C:/Users/jonaa/OneDrive/Documents/NetBeansProjects/GestorBD/src/gestorbd/App.java</file>
            <file>file:/C:/Users/jonaa/OneDrive/Documents/NetBeansProjects/GestorBD/src/view/LoginView.java</file>
            <file>file:/C:/Users/jonaa/OneDrive/Documents/NetBeansProjects/GestorBD/src/controller/LoginController.java</file>
        </group>
    </open-files>
</project-private>
